{"total_flos":1.2929511302048563e+17,"_timestamp":1.7791057855719762e+09,"train/learning_rate":0,"train/loss":0.8293004989624023,"train_steps_per_second":0.159,"_step":72,"train/grad_norm":1.234375,"_wandb":{"runtime":2227},"train_loss":0.910890220252561,"_runtime":2227,"train_runtime":2228.8128,"train/global_step":355,"train/epoch":5,"train_samples_per_second":1.265,"train/token_acc":0.7580672535131587}